name,trading_name,abn,industry,industry_1,industry_2,industry_3,status,foundedYear,website,email,phone,employeeCount,shortDescription,address,city,state,postalCode
"ABC Electrical Services","ABC Electric","12345678901","Electrician","Professional, Scientific and Technical Services","Other Professional, Scientific and Technical Services","Electrician","active",2010,"https://abcelectric.com.au","info@abcelectric.com.au","0412345678","11-50","Professional electrical services","123 Main St","Sydney","NSW","2000"
"XYZ Beauty Salon","XYZ Beauty","98765432109","Beauty","Other Services","Personal and Other Services","Beauty","active",2015,"https://xyzbeauty.com.au","contact@xyzbeauty.com.au","0434567890","1-10","Premium beauty treatments","456 High St","Melbourne","VIC","3000"
"Legal Eagles Law Firm","Legal Eagles","11122233344","Legal Services","Professional, Scientific and Technical Services","Legal and Accounting Services","Legal Services","active",2008,"https://legaleagles.com.au","lawyers@legaleagles.com.au","0387654321","51-100","Comprehensive legal services","789 Court St","Brisbane","QLD","4000"
"Tech Innovators Pty Ltd","Tech Innovators","55566677788","IT Services & Web Development","Information Media and Telecommunications","Telecommunications Services","IT Services & Web Development","pending",2020,"https://techinnovators.com.au","hello@techinnovators.com.au","0298765432","11-50","Custom software development and web design","321 Tech Ave","Perth","WA","6000"
"Green Thumb Landscaping","Green Thumb","99988877766","Roofing Services","Construction","Heavy and Civil Engineering Construction","Roofing Services","active",2012,"https://greenthumb.com.au","info@greenthumb.com.au","0456789123","11-50","Professional landscaping and roofing services","654 Garden Rd","Adelaide","SA","5000"